<?xml version="1.0" encoding="UTF-8"?>
<beans xmlns="http://www.springframework.org/schema/beans"
	xmlns:xsi="http://www.w3.org/2001/XMLSchema-instance"
	xmlns:aop="http://www.springframework.org/schema/aop"
	xmlns:tx="http://www.springframework.org/schema/tx"
	xmlns:context="http://www.springframework.org/schema/context"
	xmlns:task="http://www.springframework.org/schema/task"
	xmlns:mvc="http://www.springframework.org/schema/mvc"
	xsi:schemaLocation=" 
         http://www.springframework.org/schema/beans 
         http://www.springframework.org/schema/beans/spring-beans-3.2.xsd 
         http://www.springframework.org/schema/tx 
         http://www.springframework.org/schema/tx/spring-tx-3.2.xsd 
         http://www.springframework.org/schema/aop 
         http://www.springframework.org/schema/aop/spring-aop-3.2.xsd
         http://www.springframework.org/schema/context
         http://www.springframework.org/schema/context/spring-context-3.2.xsd
         http://www.springframework.org/schema/task
         http://www.springframework.org/schema/task/spring-task-3.2.xsd  
         http://www.springframework.org/schema/mvc 
         http://www.springframework.org/schema/mvc/spring-mvc-3.2.xsd"
	profile="prod,dev,rc">

	<description>Spring公共配置</description>
	
	<mvc:resources mapping="/js/**" location="/js/"/>  
    <mvc:resources mapping="/css/**" location="/css/"/>
    <mvc:resources mapping="/images/**" location="/images/"/> 
    
    
	<!-- 使用annotation 自动注册bean,并检查@Required,@Autowired的属性已被注入 -->

	<context:annotation-config />
	<context:component-scan base-package="com.moodlevideo.server" />
	<!-- 任务调度配置，让spring识别@Scheduled注解 -->  
	<task:annotation-driven /> 
	
	<bean class="org.springframework.web.servlet.mvc.annotation.DefaultAnnotationHandlerMapping" />
	<bean class="org.springframework.web.servlet.mvc.annotation.AnnotationMethodHandlerAdapter" />
	<bean id="viewResolver" class="org.springframework.web.servlet.view.InternalResourceViewResolver">
		<property name="viewClass" value="org.springframework.web.servlet.view.JstlView" />
		<property name="prefix" value="/"></property>
		<property name="suffix" value=".jsp"/> 
	</bean>
	 <!-- 事物配置 -->
	 <bean id="txManager" class="org.springframework.jdbc.datasource.DataSourceTransactionManager"> 
                <property name="dataSource" ref="dataSource"/>
      </bean> 
        <tx:advice id="txAdvice" transaction-manager="txManager"> 
                <tx:attributes> 
                        <tx:method name="get*" read-only="true"/> 
                        <tx:method name="query*" read-only="true"/> 
                        <tx:method name="find*" read-only="true"/> 
                        <tx:method name="load*" read-only="true"/> 
                        <tx:method name="count*" read-only="true"/> 
						<tx:method name="*" rollback-for="Exception"/>
                </tx:attributes> 
        </tx:advice> 
        <aop:config>
                <aop:pointcut id="serviceOperation" 
                                            expression="execution(* com.moodlevideo.*.*.*Impl.*(..))"/> 
                <aop:advisor advice-ref="txAdvice" 
                                         pointcut-ref="serviceOperation"/> 
        </aop:config> 
        
	
</beans>