<?xml version="1.0" encoding="utf-8"?>
<!DOCTYPE hibernate-configuration PUBLIC "-//Hibernate/Hibernate Configuration DTD 3.0//EN" "http://hibernate.sourceforge.net/hibernate-configuration-3.0.dtd">

<hibernate-configuration>
    <session-factory>
        <property name="hibernate.bytecode.use_reflection_optimizer">false</property>
        <property name="hibernate.connection.driver_class">com.mysql.jdbc.Driver</property>
        <property name="hibernate.connection.password">root</property>
        <property name="hibernate.connection.url">jdbc:mysql://localhost:3306/iddd_common_test</property>
        <property name="hibernate.connection.username">root</property>
        <property name="hibernate.dialect">org.hibernate.dialect.MySQLDialect</property>

        <mapping resource="PublishedNotificationTracker.hbm.xml" />
        <mapping resource="StoredEvent.hbm.xml" />
        <mapping resource="TestableTimeConstrainedProcess.hbm.xml" />
        <mapping resource="TimeConstrainedProcessTracker.hbm.xml" />
    </session-factory>
</hibernate-configuration>
