<?xml version="1.0" encoding="UTF-8" ?>
<!DOCTYPE mapper PUBLIC "-//mybatis.org//DTD Mapper 3.0//EN" "http://mybatis.org/dtd/mybatis-3-mapper.dtd" >
<mapper namespace="com.moodlevideo.server.dal.mapper.DailytimeInfoMapper" >
  <resultMap id="BaseResultMap" type="com.moodlevideo.server.dal.model.DailytimeInfo" >
    <id column="id" property="id" jdbcType="INTEGER" />
    <result column="time" property="time" jdbcType="VARCHAR" />
  </resultMap>
  <sql id="Base_Column_List" >
    id, time
  </sql>
  <select id="selectByPrimaryKey" resultMap="BaseResultMap" parameterType="java.lang.Integer" >
    select 
    <include refid="Base_Column_List" />
    from daily_time
    where id = #{id,jdbcType=INTEGER}
  </select>
  
</mapper>