<?xml version="1.0" encoding="UTF-8" ?>
<!DOCTYPE mapper PUBLIC "-//mybatis.org//DTD Mapper 3.0//EN" "http://mybatis.org/dtd/mybatis-3-mapper.dtd" >
<mapper namespace="com.moodlevideo.server.dal.mapper.StudentInfoMapper" >
  <resultMap id="BaseResultMap" type="com.moodlevideo.server.dal.model.StudentInfo" >
    <id column="id" property="id" jdbcType="VARCHAR" />
    <result column="password" property="password" jdbcType="VARCHAR" />
    <result column="name" property="name" jdbcType="VARCHAR" />
    <result column="description" property="description" jdbcType="VARCHAR" />
  </resultMap>
  <sql id="Base_Column_List" >
    id, password, name, description
  </sql>
  <select id="selectByPrimaryKey" resultMap="BaseResultMap" parameterType="java.lang.String" >
    select 
    <include refid="Base_Column_List" />
    from student
    where id = #{id,jdbcType=VARCHAR}
  </select>
  <delete id="deleteByPrimaryKey" parameterType="java.lang.String" >
    delete from student
    where id = #{id,jdbcType=VARCHAR}
  </delete>
  <insert id="insert" parameterType="com.moodlevideo.server.dal.model.StudentInfo" >
    insert into student (id, password, name, 
      description)
    values (#{id,jdbcType=VARCHAR}, #{password,jdbcType=VARCHAR}, #{name,jdbcType=VARCHAR}, 
      #{description,jdbcType=VARCHAR})
  </insert>
  <insert id="insertSelective" parameterType="com.moodlevideo.server.dal.model.StudentInfo" >
    insert into student
    <trim prefix="(" suffix=")" suffixOverrides="," >
      <if test="id != null" >
        id,
      </if>
      <if test="password != null" >
        password,
      </if>
      <if test="name != null" >
        name,
      </if>
      <if test="description != null" >
        description,
      </if>
    </trim>
    <trim prefix="values (" suffix=")" suffixOverrides="," >
      <if test="id != null" >
        #{id,jdbcType=VARCHAR},
      </if>
      <if test="password != null" >
        #{password,jdbcType=VARCHAR},
      </if>
      <if test="name != null" >
        #{name,jdbcType=VARCHAR},
      </if>
      <if test="description != null" >
        #{description,jdbcType=VARCHAR},
      </if>
    </trim>
  </insert>
  <update id="updateByPrimaryKeySelective" parameterType="com.moodlevideo.server.dal.model.StudentInfo" >
    update student
    <set >
      <if test="password != null" >
        password = #{password,jdbcType=VARCHAR},
      </if>
      <if test="name != null" >
        name = #{name,jdbcType=VARCHAR},
      </if>
      <if test="description != null" >
        description = #{description,jdbcType=VARCHAR},
      </if>
    </set>
    where id = #{id,jdbcType=VARCHAR}
  </update>
  <update id="updateByPrimaryKey" parameterType="com.moodlevideo.server.dal.model.StudentInfo" >
    update student
    set password = #{password,jdbcType=VARCHAR},
      name = #{name,jdbcType=VARCHAR},
      description = #{description,jdbcType=VARCHAR}
    where id = #{id,jdbcType=VARCHAR}
  </update>
</mapper>