<?xml version="1.0" encoding="UTF-8" ?>
<!DOCTYPE mapper PUBLIC "-//mybatis.org//DTD Mapper 3.0//EN" "http://mybatis.org/dtd/mybatis-3-mapper.dtd" >
<mapper namespace="com.moodlevideo.server.dal.mapper.TeacherInfoMapper" >
  <resultMap id="BaseResultMap" type="com.moodlevideo.server.dal.model.TeacherInfo" >
    <id column="id" property="id" jdbcType="INTEGER" />
    <result column="courseid" property="courseid" jdbcType="INTEGER" />
    <result column="name" property="name" jdbcType="VARCHAR" />
    <result column="gender" property="gender" jdbcType="VARCHAR" />
    <result column="birth" property="birth" jdbcType="VARCHAR" />
    <result column="level" property="level" jdbcType="VARCHAR" />
    <result column="email" property="email" jdbcType="VARCHAR" />
    <result column="style" property="style" jdbcType="VARCHAR" />
    <result column="link" property="link" jdbcType="VARCHAR" />
  </resultMap>
  <sql id="Base_Column_List" >
    id, courseid, name, gender, birth, level, email, style, link
  </sql>
  <select id="selectByPrimaryKey" resultMap="BaseResultMap" parameterType="java.lang.Integer" >
    select 
    <include refid="Base_Column_List" />
    from teacher
    where id = #{id,jdbcType=INTEGER}
  </select>
  <delete id="deleteByPrimaryKey" parameterType="java.lang.Integer" >
    delete from teacher
    where id = #{id,jdbcType=INTEGER}
  </delete>
  <insert id="insert" parameterType="com.moodlevideo.server.dal.model.TeacherInfo" >
    insert into teacher (id, courseid, name, 
      gender, birth, level, 
      email, style, link)
    values (#{id,jdbcType=INTEGER}, #{courseid,jdbcType=INTEGER}, #{name,jdbcType=VARCHAR}, 
      #{gender,jdbcType=VARCHAR}, #{birth,jdbcType=VARCHAR}, #{level,jdbcType=VARCHAR}, 
      #{email,jdbcType=VARCHAR}, #{style,jdbcType=VARCHAR}, #{link,jdbcType=VARCHAR})
  </insert>
  <insert id="insertSelective" parameterType="com.moodlevideo.server.dal.model.TeacherInfo" >
    insert into teacher
    <trim prefix="(" suffix=")" suffixOverrides="," >
      <if test="id != null" >
        id,
      </if>
      <if test="courseid != null" >
        courseid,
      </if>
      <if test="name != null" >
        name,
      </if>
      <if test="gender != null" >
        gender,
      </if>
      <if test="birth != null" >
        birth,
      </if>
      <if test="level != null" >
        level,
      </if>
      <if test="email != null" >
        email,
      </if>
      <if test="style != null" >
        style,
      </if>
      <if test="link != null" >
        link,
      </if>
    </trim>
    <trim prefix="values (" suffix=")" suffixOverrides="," >
      <if test="id != null" >
        #{id,jdbcType=INTEGER},
      </if>
      <if test="courseid != null" >
        #{courseid,jdbcType=INTEGER},
      </if>
      <if test="name != null" >
        #{name,jdbcType=VARCHAR},
      </if>
      <if test="gender != null" >
        #{gender,jdbcType=VARCHAR},
      </if>
      <if test="birth != null" >
        #{birth,jdbcType=VARCHAR},
      </if>
      <if test="level != null" >
        #{level,jdbcType=VARCHAR},
      </if>
      <if test="email != null" >
        #{email,jdbcType=VARCHAR},
      </if>
      <if test="style != null" >
        #{style,jdbcType=VARCHAR},
      </if>
      <if test="link != null" >
        #{link,jdbcType=VARCHAR},
      </if>
    </trim>
  </insert>
  <update id="updateByPrimaryKeySelective" parameterType="com.moodlevideo.server.dal.model.TeacherInfo" >
    update teacher
    <set >
      <if test="courseid != null" >
        courseid = #{courseid,jdbcType=INTEGER},
      </if>
      <if test="name != null" >
        name = #{name,jdbcType=VARCHAR},
      </if>
      <if test="gender != null" >
        gender = #{gender,jdbcType=VARCHAR},
      </if>
      <if test="birth != null" >
        birth = #{birth,jdbcType=VARCHAR},
      </if>
      <if test="level != null" >
        level = #{level,jdbcType=VARCHAR},
      </if>
      <if test="email != null" >
        email = #{email,jdbcType=VARCHAR},
      </if>
      <if test="style != null" >
        style = #{style,jdbcType=VARCHAR},
      </if>
      <if test="link != null" >
        link = #{link,jdbcType=VARCHAR},
      </if>
    </set>
    where id = #{id,jdbcType=INTEGER}
  </update>
  <update id="updateByPrimaryKey" parameterType="com.moodlevideo.server.dal.model.TeacherInfo" >
    update teacher
    set courseid = #{courseid,jdbcType=INTEGER},
      name = #{name,jdbcType=VARCHAR},
      gender = #{gender,jdbcType=VARCHAR},
      birth = #{birth,jdbcType=VARCHAR},
      level = #{level,jdbcType=VARCHAR},
      email = #{email,jdbcType=VARCHAR},
      style = #{style,jdbcType=VARCHAR},
      link = #{link,jdbcType=VARCHAR}
    where id = #{id,jdbcType=INTEGER}
  </update>
</mapper>