<?xml version="1.0" encoding="UTF-8" ?>
<!DOCTYPE mapper PUBLIC "-//mybatis.org//DTD Mapper 3.0//EN" "http://mybatis.org/dtd/mybatis-3-mapper.dtd" >
<mapper namespace="com.moodlevideo.server.dal.mapper.CourseInfoMapper" >
  <resultMap id="BaseResultMap" type="com.moodlevideo.server.dal.model.CourseInfo" >
    <id column="id" property="id" jdbcType="INTEGER" />
    <result column="name" property="name" jdbcType="VARCHAR" />
    <result column="school" property="school" jdbcType="VARCHAR" />
    <result column="reference" property="reference" jdbcType="VARCHAR" />
  </resultMap>
  <sql id="Base_Column_List" >
    id, name, school, reference
  </sql>
  <select id="selectByPrimaryKey" resultMap="BaseResultMap" parameterType="java.lang.Integer" >
    select 
    <include refid="Base_Column_List" />
    from course
    where id = #{id,jdbcType=INTEGER}
  </select>
  <delete id="deleteByPrimaryKey" parameterType="java.lang.Integer" >
    delete from course
    where id = #{id,jdbcType=INTEGER}
  </delete>
  <insert id="insert" parameterType="com.moodlevideo.server.dal.model.CourseInfo" >
    insert into course (id, name, school, 
      reference)
    values (#{id,jdbcType=INTEGER}, #{name,jdbcType=VARCHAR}, #{school,jdbcType=VARCHAR}, 
      #{reference,jdbcType=VARCHAR})
  </insert>
  <insert id="insertSelective" parameterType="com.moodlevideo.server.dal.model.CourseInfo" >
    insert into course
    <trim prefix="(" suffix=")" suffixOverrides="," >
      <if test="id != null" >
        id,
      </if>
      <if test="name != null" >
        name,
      </if>
      <if test="school != null" >
        school,
      </if>
      <if test="reference != null" >
        reference,
      </if>
    </trim>
    <trim prefix="values (" suffix=")" suffixOverrides="," >
      <if test="id != null" >
        #{id,jdbcType=INTEGER},
      </if>
      <if test="name != null" >
        #{name,jdbcType=VARCHAR},
      </if>
      <if test="school != null" >
        #{school,jdbcType=VARCHAR},
      </if>
      <if test="reference != null" >
        #{reference,jdbcType=VARCHAR},
      </if>
    </trim>
  </insert>
  <update id="updateByPrimaryKeySelective" parameterType="com.moodlevideo.server.dal.model.CourseInfo" >
    update course
    <set >
      <if test="name != null" >
        name = #{name,jdbcType=VARCHAR},
      </if>
      <if test="school != null" >
        school = #{school,jdbcType=VARCHAR},
      </if>
      <if test="reference != null" >
        reference = #{reference,jdbcType=VARCHAR},
      </if>
    </set>
    where id = #{id,jdbcType=INTEGER}
  </update>
  <update id="updateByPrimaryKey" parameterType="com.moodlevideo.server.dal.model.CourseInfo" >
    update course
    set name = #{name,jdbcType=VARCHAR},
      school = #{school,jdbcType=VARCHAR},
      reference = #{reference,jdbcType=VARCHAR}
    where id = #{id,jdbcType=INTEGER}
  </update>
</mapper>