<?xml version="1.0" encoding="UTF-8" ?>
<!DOCTYPE mapper PUBLIC "-//mybatis.org//DTD Mapper 3.0//EN" "http://mybatis.org/dtd/mybatis-3-mapper.dtd" >
<mapper namespace="com.moodlevideo.server.dal.mapper.PredictScoreInfoMapper" >
  <resultMap id="BaseResultMap" type="com.moodlevideo.server.dal.model.PredictScoreInfo" >
    <id column="id" property="id" jdbcType="INTEGER" />
    <result column="userid" property="userid" jdbcType="VARCHAR" />
    <result column="score" property="score" jdbcType="INTEGER"/>
    <result column="happentime" property="happentime" jdbcType="TIMESTAMP" />
    <result column="clicktime" property="clicktime" jdbcType="TIMESTAMP" />
  </resultMap>
  <sql id="Base_Column_List" >
    id, userid, score, happentime, clicktime
  </sql>
  <select id="selectByUseridAndHappentime" resultMap="BaseResultMap" >
    select 
    <include refid="Base_Column_List" />
    from StuScore
    where userid = #{userid,jdbcType=VARCHAR} and happentime=#{happentime,jdbcType=TIMESTAMP}
  </select>
  
  <update id="updateByHappentime" parameterType="com.moodlevideo.server.dal.model.PredictScoreInfo" >
    update StuScore
    set clicktime = #{clicktime,jdbcType=TIMESTAMP}
    where userid = #{userid,jdbcType=VARCHAR} and happentime = #{happentime,jdbcType=TIMESTAMP}
  </update>
</mapper>