<?xml version="1.0" encoding="UTF-8" ?>
<!DOCTYPE mapper PUBLIC "-//mybatis.org//DTD Mapper 3.0//EN" "http://mybatis.org/dtd/mybatis-3-mapper.dtd" >
<mapper namespace="com.moodlevideo.server.dal.mapper.PredictScoreIndexInfoMapper" >
  <resultMap id="BaseResultMap" type="com.moodlevideo.server.dal.model.PredictScoreIndexInfo" >
    <id column="id" property="id" jdbcType="INTEGER" />
    <result column="predict_time" property="predict_time" jdbcType="TIMESTAMP" />
  </resultMap>
  <sql id="Base_Column_List" >
    id, predict_time
  </sql>
  <select id="selectByPredicttime" resultMap="BaseResultMap" >
     select 
    <include refid="Base_Column_List" />
    from predictscore_index
    where predict_time = (select MAX(predict_time) from predictscore_index )
  </select>
  
</mapper>