<?xml version="1.0" encoding="UTF-8"?>
<beans xmlns="http://www.springframework.org/schema/beans"
	xmlns:xsi="http://www.w3.org/2001/XMLSchema-instance"
	xmlns:aop="http://www.springframework.org/schema/aop"
	xmlns:tx="http://www.springframework.org/schema/tx"
	xmlns:context="http://www.springframework.org/schema/context"
	xmlns:task="http://www.springframework.org/schema/task"
	xsi:schemaLocation=" 
         http://www.springframework.org/schema/beans 
         http://www.springframework.org/schema/beans/spring-beans-4.0.xsd 
         http://www.springframework.org/schema/tx 
         http://www.springframework.org/schema/tx/spring-tx-4.0.xsd 
         http://www.springframework.org/schema/aop 
         http://www.springframework.org/schema/aop/spring-aop-4.0.xsd
         http://www.springframework.org/schema/context
         http://www.springframework.org/schema/context/spring-context-4.0.xsd
         http://www.springframework.org/schema/task
         http://www.springframework.org/schema/task/spring-task-4.0.xsd  "
	profile="prod,dev,rc">
    
	<bean id="dataSource"
		class="org.apache.commons.dbcp.BasicDataSource"
		destroy-method="close">
		<property name="driverClassName">
			<value>${jdbc.driver}</value>
		</property>
		<property name="url">
			<value>${jdbc.url}</value>
		</property>
		<property name="username">
			<value>${jdbc.username}</value>
		</property>
		<property name="password">
			<value>${jdbc.password}</value>
		</property>
		<property name="defaultAutoCommit">
			<value>false</value>
		</property>
		<property name="connectionProperties">
			<value>includeSynonyms=true</value>
		</property>
		<property name="initialSize">
			<value>1</value>
		</property>
		<property name="maxActive">
			<value>50</value>
		</property>
		<property name="maxIdle">
			<value>2</value>
		</property>
		<property name="minIdle">
			<value>2</value>
		</property>
		<property name="maxWait">
			<value>30000</value>
		</property>
		<!--	dbcp validate 设置开始	-->
		<property name="testWhileIdle">
			<value>false</value>
		</property>
		<property name="testOnBorrow">
			<value>true</value>
		</property>
		<property name="testOnReturn">
			<value>false</value>
		</property>
		<property name="validationQuery">
			<value>select 1 from dual</value>
		</property>
		<property name="validationQueryTimeout">
			<value>1</value>
		</property>
		<property name="timeBetweenEvictionRunsMillis">
			<value>30000</value>
		</property>
		<property name="numTestsPerEvictionRun">
			<value>100</value>
		</property>
		<!--	dbcp validate 设置结束	-->
	</bean>
	<bean id="simpleJdbcCall"
		class="org.springframework.jdbc.core.simple.SimpleJdbcCall">
		<constructor-arg index="0">
			<ref bean="dataSource" />
		</constructor-arg>
	</bean>
</beans>
